"chl_predicted_sample_month","ntu_predicted_sample_month","doc_predicted_sample_month","tss_predicted_sample_month","colort_predicted_sample_month","secchi_predicted_sample_month","chl_predicted_sample_season","ntu_predicted_sample_season","doc_predicted_sample_season","tss_predicted_sample_season","colort_predicted_sample_season","secchi_predicted_sample_season","lake_id","lagoslakeid","visit","nhdplusv2_comid","nla12_site_id","nla07_site_id","lake_nhdid","lake_namegnis","nhdhr_gnisid","lake_reachcode","lake_connectivity_class","lake_connectivity_fluctuates","lake_connectivity_permanent","lake_lakes4ha_upstream_ha","lake_lakes4ha_upstream_n","lake_lakes1ha_upstream_ha","lake_lakes1ha_upstream_n","lake_waterarea_ha","lake_lakes10ha_upstream_n","lake_lakes10ha_upstream_ha","lake_nets_nearestdamup_km","lake_nets_totaldamup_n"
27.7010786302619,7.85357986473238,5.68807836966767,12.8125078866585,16.1281697275319,1.27899268246984,25.7157893632568,11.3121792761489,6.30494689939837,18.9771908713834,19.909251481957,1.09782179001625,1,244053,1,21677972,"NLA12_AL-104","NLA06608-0283","90621330","Demopolis Lake",131471,3160113006830,"DrainageLk","N","DrainageLk",38433.335195,620,42162.112726,2698,1684.9413894,249,36179.961383,NA,NA
5.53221533741079,1.78289358467743,3.0571082950848,14.980168659875,12.1148392047781,4.10053524280953,6.12445291279602,2.64370011040275,3.63638377686166,20.2438233132002,13.2013462740643,3.4929016121085,10,201797,1,56068,NA,NA,"605A5DB3-01F6-4EC4-9EC4-640CD814795F",NA,NA,NA,"Isolated","N","Isolated",0,0,0,0,30.0445196618,0,0,NA,NA
11.9276097305026,6.05851573226406,4.76428253333192,18.2117748015898,15.8417081862011,1.75938064035765,11.4851311873016,5.85479306048194,4.0733896410239,16.2063379002693,12.1063182289713,1.71748488623097,100,28694,1,729879,"NLA12_MO-104","NLA06608-0224","42902069","Pilot Knob Lake",764037,8020202001967,"Drainage","Y","Isolated",0,0,0,0,65.9744610234,0,0,NA,0
NA,NA,NA,NA,NA,NA,NA,NA,NA,NA,NA,NA,1000,NA,1,800045123,NA,NA,"26441842",NA,NA,NA,NA,NA,NA,NA,NA,NA,NA,NA,NA,NA,NA,NA
12.6681019557968,8.07564796577655,5.2210198796513,28.7376627089961,13.1464386923056,1.16805509437139,20.3278045671953,7.75818353532348,5.35099619520162,18.7224535411989,17.5666496950986,1.42980094029469,1001,447,1,3881594,NA,NA,"152857115","Acton Lake",1070657,5080002001747,"Drainage","N","Drainage",0,0,0,0,238.886700882,0,0,4.823,3
13.6395686602341,5.32778592144079,4.33846367838157,12.118400990174,14.712925193664,1.62411926705526,14.3048592722843,6.75675948110818,4.66604242740034,14.5111009809988,14.1260538448782,1.93904720462953,1002,2226,1,5212313,NA,NA,"152115188","Williams Lake",1047931,5060001002881,"Drainage","N","Drainage",16.1,2,25.2,7,1296.0178362,0,0,NA,0
15.5324286984284,5.84854017530067,4.47015197005569,16.2615644741133,17.130185935657,2.42068054444571,11.3847829607069,4.22364532958017,3.98581882168963,14.0290453533914,14.0868821403799,2.49974203128125,1003,91800,1,15400440,NA,NA,"155153263","Apple Valley Lake",1078224,5040003001584,"DrainageLk","Y","Drainage",10.2,1,10.2,1,201.765337837,1,10.2,10.626,1
11.5606024047546,5.72134310707144,3.64421263038344,11.6082612095229,11.8609378454852,1.58747187825537,19.2909216348398,8.06614170493027,4.78874313057965,14.9086524502529,16.2733432688051,1.22530588470811,1004,543,1,19387454,NA,"NLA06608-0863","152017059","Atwood Lake",1070667,5040001002816,"Drainage","Y","Terminal",0,0,15.7,9,613.053925075,0,0,11.322,1
16.1149136019064,8.92109913360143,4.58127061599748,23.9865007512039,14.864551179049,1.81686825944106,15.3895885673952,8.43777993651028,4.74222866734056,21.1228414060155,14.8645721108688,1.74997916689019,1005,2907,1,166899200,NA,NA,"108613411","Brookville Lake",431588,5080003001259,"DrainageLk","N","DrainageLk",184.783716,10,251.030138,47,1766.13526128,3,146.943557,1.483,4
5.39984033277094,2.88967398026054,3.21482286651007,11.1122161775544,9.36435129477424,2.85609459280764,10.4644195322137,5.50410335624126,3.97991096447678,16.2488720089511,12.3286309386185,2.47758745354708,1006,260192,1,486928,NA,NA,"120021285","Buckhorn Lake",511027,5100202000613,"DrainageLk","Y","Drainage",42.728185,3,52.428185,9,545.940907195,1,23,33.072,6
13.4409583445912,7.57537971808534,4.51382181687146,18.0814826035901,14.8505631891997,2.05307957370913,21.4898817053547,8.20491243043375,5.06908411391086,18.0939419497697,16.0825985762469,1.54970458500383,1007,1590,1,15417757,NA,NA,"58369827","Burr Oak Reservoir",1075491,5030204001656,"Drainage","N","Drainage",0,0,2.6,1,255.716930423,0,0,NA,0
10.574562500387,6.26070981323998,4.60645022034733,15.2372987745067,14.3686224380774,1.79331600669838,15.5226410762672,7.1374491139838,4.7197621045245,17.4642032598571,14.8941233990552,1.71975043050995,1008,2350,1,166899204,NA,NA,"80598613",NA,NA,5090202002562,"DrainageLk","Y","TerminalLk",76.7,2,83.5,6,1075.00975398,1,72.3,15.238,2
3.53514224173879,2.1824511673364,3.20469576242805,11.1275757227232,8.56448474732827,3.63500829127715,3.79002870091731,2.09837219596575,3.05651128343416,10.209175045343,9.53225345068927,3.91764353042004,1009,260194,1,NA,NA,NA,"120022128",NA,NA,NA,"Drainage","N","Drainage",0,0,4.63998,2,209.233551923,0,0,NA,NA
4.74485737227793,3.01077178982028,3.3956892224566,13.6660657554715,12.4769764010412,3.74076829775072,5.77999776642038,3.27351630895995,3.13889335269212,12.5211272126395,10.3580494307453,3.15447919540872,101,3253,1,3484673,"NLA12_OH-127","NLA06608-4884","57937006","Hammertown Lake",1078504,5060002002700,"Drainage","Y","Headwater",0,0,0,0,65.826153866,0,0,NA,NA
3.95406579536361,2.48765243076669,2.91473214449262,9.5848335658885,8.84763426585726,3.16804194032317,4.18396475716172,2.62977991888248,3.04213351347482,12.8075584541933,10.2748960190747,3.43448594015397,1010,260193,1,166830448,NA,NA,"120021486",NA,NA,NA,"DrainageLk","N","DrainageLk",54.1,3,62.2,9,3149.22918993,2,48.6,NA,NA
37.0448470352693,18.2783833111608,6.85256166294082,35.7588571024788,21.4819041101164,0.658861698634271,32.3762076452782,17.9083312579601,6.38471697904012,32.1027030878526,22.0662711414445,0.702900283296459,1011,3895,1,15408897,NA,NA,"155244940","Charles Mill Lake",1039002,5040002001283,"Drainage","N","Drainage",0,0,6.5,6,527.009823544,0,0,NA,0
17.4638108188144,7.66982580234504,5.02721805568656,13.2302036407947,16.7763144804409,1.45212581567161,21.8199606127704,8.60438042635124,5.30254524642863,19.5518255103807,18.486059299693,1.35202233907447,1012,451,1,3932186,NA,NA,"80600125","Cowan Lake",1061001,5090202002313,"Drainage","N","Drainage",0,0,2.5,2,281.502092184,0,0,NA,0
14.2783005887304,15.0650362751733,6.50824490515653,30.8131636113528,25.0163185080217,1.02159639353158,22.9698598193071,14.3285589490232,6.03665857493403,28.9981661040917,22.0733414643241,0.902979837409278,1013,3386,1,5213645,"NLA12_OH-101","NLA06608-1375","152113825","Delaware Lake",1039659,5060001002830,"DrainageLk","N","DrainageLk",115.970422,6,147.020062,22,454.14522649,3,97.6,35.339,4
23.0697358009299,10.875508823598,4.89591297741407,18.0158486540825,20.3911616727113,1.19081174524926,23.7785546110373,12.1259425493048,5.47560948877442,25.3893907785496,19.670652735117,1.20447388930622,1014,4031,1,166899180,NA,NA,"152133430","Dillon Lake",1037280,5040006001099,"DrainageLk","N","DrainageLk",1186.054964,5,1245.058034,38,528.957675391,5,1186.054964,9.173,8
19.1104334764265,6.55239671860034,6.00634210881052,19.2849349312187,24.8811160551537,1.55146997881429,20.3404914296618,7.03291081798711,5.600626166755,17.5323356296326,24.0263959872849,1.81669195877389,1015,2821,1,15417761,NA,NA,"58370391","Hocking County Lake",1041637,5030204001662,"Drainage","N","Drainage",0,0,3.1,1,125.889356053,0,0,NA,0
9.14746345461076,4.02334772734346,4.75651526116845,14.1606292575462,16.6515930434159,2.64808230953524,21.2345590342377,7.64576661762568,5.49774853015391,18.5196356809563,20.034269674883,1.70912574459894,1016,496,1,3980812,NA,"NLA06608-1359","152840297","Kiser Lake",1070804,5080001002504,"Drainage","Y","Headwater",0,0,0,0,156.616707997,0,0,NA,0
26.345563626614,12.0101206987516,6.40049440433194,21.8974581453046,21.4343121548908,1.08990511915327,35.5851403103217,14.6549061180418,6.97635425641473,25.7376186868109,23.8815242661063,0.931790253688779,1017,1500,1,167484602,NA,NA,"155152904","Knox Lake",1042332,5040003004649,"Drainage","N","Drainage",0,0,5.7,4,187.578091398,0,0,NA,0
30.461425671584,10.1439286565586,5.19653309300057,19.3682316551319,17.4917948926351,1.22952688899657,22.3901022265738,8.44243172605561,5.15081484321225,17.6410217534593,18.2335717569408,1.67590154102056,1018,3192,1,15585938,NA,"NLA06608-0367","123056308","La Due Reservoir",1078936,4110002001182,"DrainageLk","N","DrainageLk",26.896364,3,37.409887,8,575.311811161,1,16.120662,NA,0
58.4615148382795,23.838853473824,7.04357720271471,43.6090976085144,24.3920038866732,0.633486582560256,48.2637146086205,18.7767051497517,7.14656066065293,36.9261727249522,22.0703853694088,0.727186305425429,1019,3002,1,3982320,"NLA12_OH-102","NLA06608-0783","152839685","Lake Loramie",1042782,5080001002442,"Drainage","N","Drainage",0,0,0,0,345.706483866,0,0,NA,0
6.0162485194685,2.10814552948539,4.05561398256394,6.85063433536132,19.5691678139061,3.39328780455873,6.45112628800678,2.71321476522147,4.58685547109401,7.96962439418906,17.7369327445264,3.33560103970817,102,272935,1,22163154,"NLA12_NC-109",NA,"90697001","Atagahi Lake",1017051,6010105002648,"Drainage","N","Drainage",0,0,0,0,33.6547982682,0,0,NA,NA
18.1167528624868,8.25632236569751,5.838727570862,27.5544312009682,24.0144917264982,1.38981044574614,21.5136182931448,8.69381934662995,5.96623828521032,19.864987947301,21.4996309445596,1.48752104946664,1020,3855,1,13152651,NA,NA,"125574087","Lake Milton",1043393,5030103001776,"DrainageLk","N","DrainageLk",1949.081699,20,2016.132357,55,669.965602785,11,1885.881699,0.843,1
11.842840165887,5.33191390507555,3.6427556651932,14.0832952202626,12.6239406222677,1.87040724917232,11.9155161842567,5.31515153754828,3.95957423482075,14.4757208638015,13.0881918477418,2.43990647219458,1021,25227,1,19387410,NA,NA,"152015794","Lake Mohawk",1061156,5040001002767,"Drainage","N","Drainage",4.4,1,4.4,1,204.823764763,0,0,NA,0
21.5250138673505,7.90411329884177,5.01426751760512,18.863619257422,21.33629218489,1.45702153514344,22.3288276024096,8.2936581870429,5.55466853520837,17.4453661311281,23.3277466278922,1.51909927634568,1022,23033,1,9846027,NA,NA,"150444742","Lake Roaming Rock",1084042,4110004001302,"DrainageLk","N","DrainageLk",117.4,2,131.3,11,182.533061714,2,117.4,3.057,1
11.8062055353977,4.47597738412942,4.95363083975442,15.8920094448376,18.0992747137117,2.27987106478314,13.8750001742041,5.08368971989931,5.50115639671535,15.4166745991489,23.3574904723191,1.87001302432317,1023,44125,1,1918274,NA,"NLA06608-1007","152489794","Lake Waynoka",1077889,5090201002584,"Drainage","Y","Isolated",0,0,0,0,119.079990257,0,0,NA,0
15.4649133661347,7.95468236738345,4.15708966384437,14.5189873434066,13.2323302869592,1.301577650507,15.364386678909,9.54298929004553,5.19307429636102,18.6443900688541,14.474338078692,1.43055622434276,1024,2553,1,13155459,NA,"NLA06608-0111","125574086","Michael J Kirwan Reservoir",1061227,5030103001727,"DrainageLk","N","DrainageLk",32.1,5,53.2,14,1054.11079257,1,11.8,2.021,3
18.482964784391,10.9171969070719,5.59306023862551,20.6996803408969,17.4750162017287,1.38856509202498,22.5595438422552,11.943855634513,5.82464830703315,22.3253487835148,19.1512712131139,1.22424550851416,1025,2784,1,5231436,NA,NA,"124265810","Paint Creek Lake",1044276,5060003001174,"Drainage","N","Drainage",0,0,8.8,4,470.050795377,0,0,10.353,1
3.82914578884834,2.7052880891977,3.06315591424627,15.0788821198704,9.75581895267434,3.84984206520635,11.3313413260881,5.56989056807158,3.71500386414166,14.7684388031654,11.9782787408507,2.28636812865497,1026,2211,1,19390850,NA,NA,"152020538","Piedmont Lake",1037285,5040001002988,"DrainageLk","Y","TerminalLk",30.4,4,53.7,19,920.509760104,1,15.2,3.098,2
27.9609294881319,9.25576427418012,5.795588052058,25.8776506758895,17.718178727828,1.27046146853587,24.5920203444158,8.97962876142268,5.62776134692225,20.871430887275,20.109297293003,1.32030176271997,1027,3866,1,15408959,NA,NA,"155245350","Pleasant Hill Lake",1037286,5040002001309,"DrainageLk","N","DrainageLk",400.1,3,416.2,11,315.332443571,1,390.9,3.278,3
11.8802150862026,4.93337660863601,4.11590848987652,18.1963874064461,14.1397582773167,2.34595583238226,17.1188323920607,6.96816764267122,4.92125116391073,17.7888814835641,17.9090447641131,1.68264171953208,1028,3423,1,5231452,NA,NA,"124265732","Rocky Fork Lake",1045138,5060003001170,"Drainage","N","Drainage",17.709021,2,20.909021,3,805.426138208,0,0,NA,0
22.7408917036208,12.8273804621843,4.83416139569001,22.0820365535502,17.7004675392992,0.965371168230943,21.9020963362587,10.9108941250235,4.88860635535252,19.5282733533748,16.7561501208924,1.10610233934361,1029,2246,1,15372030,NA,NA,"56893543","Senecaville Lake",1058011,5040005004534,"DrainageLk","Y","Drainage",19.1,2,19.1,2,1406.57789157,1,14.3,NA,NA
NA,NA,NA,NA,NA,NA,7.54687823356602,3.17097158997871,3.79078658822097,12.2652546550788,16.8841322443527,3.20975306621689,103,142983,1,125914857,NA,NA,"125914857",NA,NA,2060003009819,"Drainage","N","Drainage",0,0,1.4,1,113.882328869,0,0,NA,0
7.90749187106309,4.36241052465958,3.52459402042769,9.87850010687197,10.5371441358142,1.8601432744732,21.5528924738491,8.16714941822887,5.02205939307609,17.7717609857745,15.1100256054673,1.21668956891534,1030,494,1,19390686,NA,NA,"152019094","Tappan Lake",1046947,5040001002901,"Drainage","N","Drainage",0,0,11.8,7,864.680843872,0,0,0,2
16.0845661639334,7.21524367596136,5.01807547367875,13.372221477612,17.2976689810454,1.46012690369182,17.4810828515605,8.41824731290386,5.13360040786009,17.794353782259,18.3918777345538,1.33101720574687,1031,1821,1,166899203,NA,NA,"80607545","William H Harsha Lake",1048404,5090202002548,"DrainageLk","N","DrainageLk",117.557128,8,159.757128,33,799.254372109,2,84.326648,13.378,2
45.4042943957508,16.9205397401582,6.74728415286123,33.8199044496839,20.4546157692071,0.751100562923607,34.5188015695733,12.9204100497421,6.5923887129362,25.827848124383,22.0407828614402,1.01013453524983,1032,91726,1,15586832,NA,NA,"123062994","Wingfoot Lake",1070998,4110002001456,"Headwater","N","Headwater",0,0,0,0,156.766860704,0,0,NA,0
12.0198961319644,4.09766694982846,3.9722996949787,9.65524136696134,13.760009378396,2.43610634459516,7.42539575978809,3.37094599771352,3.75214118786037,12.6098344573478,12.0973906003698,2.8756687376511,11,415369,1,4452402,"NLA12_TX-137",NA,"114030125","Lake Jacksonville",1889987,12020001001657,"DrainageLk","N","DrainageLk",25,1,27.4,3,485.755534214,1,25,NA,0
28.776358793678,13.2172746017607,6.21175623848171,22.6829953354223,15.9005786540655,1.6386677014801,24.9527387039978,10.2839333037137,5.91159429347749,22.5003495830786,18.1083340073146,1.33870281299485,116,259224,1,19314376,"NLA12_WV-112",NA,"75432277",NA,NA,5050008001027,"Isolated","N","Isolated",0,0,0,0,9.4112281271,0,0,NA,NA
10.7915180360646,4.75624693790881,4.05969223340647,13.4195461796732,10.0715305852279,2.11443276844249,19.5047809309382,6.9998382946469,5.18284687499752,17.1897834142699,20.2788035960399,1.51499173548938,117,243038,1,6495242,NA,NA,"41281353","Lake Acworth",310382,3150104002561,"Drainage","N","Drainage",8.2,1,12.035834,3,122.583762733,0,0,4.784,1
20.58208749908,6.36607946716447,6.91952582604119,24.7416047610436,30.6680183594374,1.20325900327302,16.9795799035666,8.70443109737594,7.05098698447705,19.7127758597885,36.6257385009209,1.15715331094688,119,146300,1,8606221,"NLA12_VA-101","NLA06608-0045","61497495","Beaver Pond",1489117,2080207002542,"Drainage","N","Drainage",18.2,3,35.2,12,28.0348347053,0,0,2.501,1
17.1897893182408,5.60837298014216,5.47018432747302,11.9248106525196,32.4869515558331,1.58810071767619,12.5412246183196,5.39570697638317,5.43179476550258,17.660804238414,25.9008955766077,1.90268103159111,13,147878,1,8390734,"NLA12_DE-103","NLA06608-2333","125998343","Concord Pond",213824,2080109005895,"DrainageLk","N","DrainageLk",24.9,2,24.9,2,31.4431598982,2,24.9,NA,0
3.15646794495105,1.75486586065706,3.51062641924726,5.67167995440139,14.1543743730291,4.35948263308067,3.70718683805475,1.83630311237714,3.56756831960365,6.49564667144812,14.2032707187211,3.97088098882305,136,54020,1,7557711,"NLA12_MO-108",NA,"140844466","Arrow Head Lake",763685,11010010001623,"Drainage","Y","Isolated",0,0,1.3,1,22.0642142836,0,0,NA,0
7.31053894425816,4.19555245608882,3.12303854660794,13.5394025967191,9.91896690632822,2.68233429383935,8.59638542469943,4.8482015279854,3.48218929626689,16.2368918868496,11.215615407851,2.38833534945889,137,259075,1,76669453,"NLA12_WV-102","NLA06608-0681","76669453","Burnsville Lake",1560649,5030203007654,"Drainage","N","Drainage",0,0,0,0,334.331560372,0,0,NA,0
8.42197629856381,3.14256708302466,5.9058768498332,9.76783889385822,41.4466979792766,1.91343228473339,7.93084577372522,3.08549316607974,5.7704222835519,11.6651211553934,36.4816312430071,2.001822058054,138,156574,1,8874182,NA,NA,"151900416",NA,NA,3030003003172,"DrainageLk","N","DrainageLk",12,1,13.3,2,21.8140893248,1,12,NA,0
NA,NA,NA,NA,NA,NA,NA,NA,NA,NA,NA,NA,14,NA,1,19139667,NA,NA,"{26f31221-6370-4bfa-a387-5b9665aae9f3}",NA,NA,NA,NA,NA,NA,NA,NA,NA,NA,NA,NA,NA,NA,NA
12.7104688967776,9.07799225550707,7.20965366143522,35.9971511875546,17.9765746058753,1.06610455976788,14.7306572687584,8.76276116712312,6.23866129311067,26.7667058389497,17.0514669173357,1.13997177218076,146,390029,1,389774,"NLA12_OK-106","NLA06608-4056","106312288","Canton Lake",1751417,11100301000818,"DrainageLk","N","DrainageLk",1532.078993,28,1729.434511,144,2878.34951151,11,1441.578993,8.19,19
18.4244364958235,9.45546247046994,5.51402083848348,27.7933507442873,15.5958918896413,1.41915935868052,18.8187269355855,8.09132945067083,5.28071498754978,23.476035084947,16.2476058591492,1.20844642791783,147,396235,1,19959244,"NLA12_OK-119","NLA06608-0856","134143094",NA,NA,11130303002443,"Drainage","Y","Isolated",0,0,2.4,1,185.833962263,0,0,NA,0
21.111768199501,6.76151011312418,4.91696459670796,19.7368324811263,16.441350642152,1.02498397376694,18.6398521752645,8.19955947913303,5.31551454902085,21.0294575368554,16.4532740255327,1.13879316665236,147,396235,2,19959244,"NLA12_OK-119","NLA06608-0856","134143094",NA,NA,11130303002443,"Drainage","Y","Isolated",0,0,2.4,1,185.833962263,0,0,NA,0
19.9737138032138,9.96685315625622,6.16413108894456,23.8277163947749,20.0648073752534,1.09355019863928,14.4500745395743,11.7298791830688,5.92137983442658,24.7822086222507,20.1858218592371,1.10389102520749,148,378906,1,20971700,"NLA12_OK-103","NLA06608-0120","148004401","Keystone Lake",1101491,11050003005944,"DrainageLk","N","DrainageLk",4398.910381,133,6321.347367,1327,4030.71122047,35,3839.5502,NA,NA
19.9737138032138,9.96685315625622,6.16413108894456,23.8277163947749,20.0648073752534,1.09355019863928,14.188954648135,9.62803304171293,5.65499270211561,19.6700982410427,19.6524628359144,1.29816068877426,148,378906,2,20971700,"NLA12_OK-103","NLA06608-0120","148004401","Keystone Lake",1101491,11050003005944,"DrainageLk","N","DrainageLk",4398.910381,133,6321.347367,1327,4030.71122047,35,3839.5502,NA,NA
6.49013735799555,7.59322675852717,4.20403474893423,23.1409549591578,14.0444884175205,1.26918217693728,8.43851922922324,8.39421971714098,4.33965206093438,22.9996503479831,15.3194172543656,1.22302973973048,149,364887,1,17373390,"NLA12_NE-114","NLA06608-2740","153748228","Sherman Reservoir",834983,10210003002853,"Drainage","N","Drainage",0,0,10.1,5,985.244908883,0,0,NA,0
4.12071690232986,2.48338795982655,3.2355618139159,8.16344048021568,9.12960532514389,3.50316430959507,7.0896700394401,4.43163350928872,3.63971066855584,13.2334825832383,12.0174838411333,2.42803395224074,155,358471,1,17508468,"NLA12_NE-160",NA,"148186045","Lake Minatare",831339,10180009004099,"Terminal","N","Terminal",0,0,0,0,792.480382374,0,0,NA,NA
3.44046544284535,6.06646170794971,2.8793180139386,27.5950051141898,10.8268495965553,1.93788226438004,3.52180454433485,7.09520050209859,3.16449461087162,29.3456369245621,11.8492422001562,1.54940223924024,157,448036,1,20814160,"NLA12_NM-160","NLA06608-2260","140779598","Storrie Lake",911442,13060001001588,"Drainage","N","Drainage",0,0,0,0,203.218494424,0,0,2.322,1
3.38056763427813,2.52846480968609,2.80167404572923,9.49413618304311,8.67404805435139,3.65173712643131,3.38388385926345,2.17240769221175,3.13800749738387,15.9267416153507,8.40153296322283,3.98612976037748,159,359874,1,188011,NA,NA,"117822693",NA,NA,10190002001063,"TerminalLk","Y","Isolated",60.5,1,60.5,1,18.6604919255,1,60.5,NA,NA
15.7961489060039,9.53973191144799,6.36898019711932,18.3163403698182,33.4887594787099,1.21757678119583,18.7309065233044,10.22130600258,6.64225423917292,23.7935346201742,27.5724084134869,1.33847146412249,16,145909,1,10062717,"NLA12_VA-106","NLA06608-0221","135653327","Jolly Pond",1502049,2080206002178,"Drainage","N","Drainage",0,0,0,0,16.4598390454,0,0,NA,0
14.4413688359294,7.50219555655842,6.05552749991064,32.228260942728,13.7727591999816,1.08282190937176,15.5533347871396,9.2648069646864,5.66740590788565,32.8436520375576,14.7918140724816,1.08114885100807,165,361422,1,167246042,NA,NA,"128076378",NA,NA,10190007002525,"Isolated","N","Isolated",0,0,0,0,15.4955808585,0,0,NA,NA
NA,NA,NA,NA,NA,NA,NA,NA,NA,NA,NA,NA,166,367833,1,5925122,"NLA12_KS-101","NLA06608-0588","52650919",NA,NA,10250017002717,"Drainage","Y","Isolated",0,0,0,0,3.9989389977,0,0,NA,NA
21.677680225258,13.3809841062943,6.58098366748894,37.0076624845734,19.3061527272937,0.719620608441809,20.5241431137414,13.7746169904239,6.81045230542652,38.597922007283,19.7466568693589,0.796808040548084,167,389511,1,167300171,"NLA12_OK-105","NLA06608-4472","106316494","Lake Overholser",1096356,11100301000882,"Headwater","N","Headwater",0,0,0,0,640.056603918,0,0,44.668,5
8.14609855561248,4.26558295977228,5.71813303262863,12.7647428999819,18.3068505105256,1.68072288066667,11.4418194745093,4.80183231435315,6.01376401200392,22.0815859562081,17.0457595771838,1.84902012657567,17,200658,1,71542,NA,NA,"138370837",NA,NA,3090206045887,"Isolated","N","Isolated",0,0,0,0,8.8770868039,0,0,NA,NA
5.35999799099569,25.5762816422623,6.76552276988179,21.4560213198934,28.2247158680772,0.990395407297182,9.32474027818399,22.3381231827942,6.87485956345139,39.2531106789194,29.0335428246124,0.896975093431833,18,303903,1,15138463,"NLA12_LA-152",NA,"137654355","Crooked Creek Reservoir",556751,8080201000464,"Drainage","Y","Terminal",0,0,0,0,160.458546463,0,0,NA,NA
9.13256201420068,8.38826845295107,7.97021797168032,22.4728178899333,27.7750778414464,1.69583419887061,12.5649866363585,5.98583401142116,7.06145625072057,17.8376358142826,29.9936266597475,1.82220201592039,184,399996,1,19956504,"NLA12_OK-132","NLA06608-4382","134130151",NA,NA,11130303002043,"Drainage","Y","Isolated",0,0,1,1,10.2446254814,0,0,NA,0
5.46090922860468,5.19407598132598,2.99573995112899,25.8244078555472,11.4099471876146,1.34564095485694,7.5234363724575,9.1639744751884,3.66774388487809,29.7180022380588,13.6961570606033,1.28483354830262,186,361292,1,2888348,"NLA12_CO-111","NLA06608-1851","128058372","Boulder Reservoir",178708,10190005001168,"DrainageLk","Y","TerminalLk",816.6,24,865.8,46,217.146090615,10,729,2.943,1
13.126995274506,9.11451504446954,5.0905481650258,27.6011095455287,18.5642506270827,1.89632649422753,10.9680662933117,8.36757989368195,5.180572678463,26.8540923213411,15.6692421742642,1.50070898478333,188,386846,1,20064419,NA,"NLA06608-1380","139098349","Stubblefield Reservoir",923893,11080001001027,"DrainageLk","Y","Drainage",69,5,76.6,9,148.798150786,2,50.4,0.624,1
11.0235975091515,13.989945691594,5.76269995092465,24.6844940692032,19.6888718888876,1.06981937818611,15.1202246251849,11.3587717254097,5.38746660852337,21.5520366304377,18.4555106348493,1.1890480693548,190,386238,1,846154,"NLA12_OK-109","NLA06608-0824","131457724","Bluestem Lake",1090304,11070107003881,"Drainage","Y","Terminal",4.3,1,19.6,11,322.2074733,0,0,8.813,1
19.1017322729716,7.78532768761208,6.36121396805295,20.2770686796152,24.5687958105477,1.67666941694424,21.2095696936167,8.50894366566065,6.5249076199613,19.1729973209356,21.9014869711623,1.37612961176137,191,19195,1,5798096,"NLA12_IA-127",NA,"106618119","Lake Fisher",461470,7110001005410,"Drainage","N","Drainage",4.861422,1,5.961422,2,29.3831945225,0,0,NA,0
17.3040535623234,7.10753390820268,3.73429733129309,10.729161920745,14.0344002062337,1.49118977120635,14.9016895894374,6.52919208181179,5.43986435186628,12.7671000122536,17.2904725724094,1.62180088540904,195,6765,1,13435489,NA,NA,"123166949","Monee Reservoir",413721,7120001003508,"Terminal","Y","Isolated",0,0,0,0,16.7928572857,0,0,NA,0
20.1438593282541,14.8452434095275,5.94580741808508,27.2690658266175,24.1674577393275,0.714870348310714,21.7031739372943,13.919504040046,6.54687002440546,29.9096353966441,21.8522835433187,0.815648565039024,2,287042,1,15252778,"NLA12_MS-107","NLA06608-0432","{25779801-c4e7-47d2-a3d4-82cdd7a239e8}","Arkabutla Lake",690215,8030204051203,"DrainageLk","N","DrainageLk",837.519955,73,1547.559099,473,4609.14706637,20,521.807885,1.75,17
6.17558758544886,3.59690694664296,3.75139219753604,16.8452484308342,10.9053829741537,3.06268764876607,10.8101793469362,4.97333621345176,3.78094987840279,17.7164738007048,11.3312553379836,2.67376399480972,204,3695,1,15610820,"NLA12_OH-112",NA,"155428355","Beaver Creek Upground Reservoir",1078434,4100011002105,"Isolated","N","Isolated",0,0,0,0,41.3511205804,0,0,NA,NA
9.71058168552836,3.34245908678461,4.35723960847464,13.6727564003035,17.133096136828,2.44222403182171,8.15465986414945,3.08205318473594,4.57113662973215,15.1499114209549,18.7293318046342,2.73817270874761,205,50112,1,3397968,NA,NA,"121207704",NA,NA,4040001001147,"Drainage","N","Drainage",0,0,0,0,14.3442161201,0,0,NA,NA
3.50409853735361,2.0027114643829,3.38923947466466,8.39697232658072,9.68571088295641,4.20827509460317,4.45739039657032,2.7901251145554,3.44706696289806,9.35471685499705,10.404947952323,3.5078026314822,206,125419,1,2254441,"NLA12_KS-125",NA,"92009424","Wyandotte County Lake",478584,10240011001088,"Drainage","Y","Headwater",0,0,3.3,1,136.885381627,0,0,NA,0
5.2324949443286,2.37036884012907,3.59056806294279,9.90078366601892,8.42093621779349,3.06099492100984,4.35279652584371,2.17104968199843,3.17706955448041,11.4405602937983,7.74221634745573,3.28950208617789,207,6445,1,13583718,"NLA12_IL-114",NA,"154351593",NA,NA,7130005002227,"Terminal","N","Terminal",0,0,1.6,1,65.29126922,0,0,NA,NA
11.0745236191268,3.9552731834559,4.10422551281217,12.7853622654026,15.2273168493828,2.85791614386213,10.8896530433071,4.38148215158964,4.20299281882004,13.0564262987594,14.2679035292504,2.78345835009403,208,6573,1,13604166,NA,"NLA06608-1724","154314752","Lake Lancelot",1692499,7130003002020,"DrainageLk","N","DrainageLk",16.9,1,16.9,1,18.212851146,1,16.9,0.07,1
6.26754521603473,1.99502057041914,4.39166754634485,8.96270883871391,19.5881865066969,3.6155707960351,4.8939520491674,1.81865858248568,4.19502227588483,10.4263289967456,16.5402090213015,3.82248734492317,209,262225,1,11895232,NA,NA,"52940856",NA,NA,5110006001398,"Drainage","Y","Headwater",0,0,0,0,11.8041018096,0,0,NA,0
13.4432848001946,4.38405559240527,5.97675544277324,8.49036869073371,23.5820830209091,2.68147788868153,35.5850918501355,17.8490876336677,7.66579277671611,30.4324133493426,24.5166943136309,0.97048943721723,210,135533,1,13435551,NA,NA,"123167087",NA,NA,7120001125481,"DrainageLk","N","DrainageLk",348.180698,5,388.337823,26,86.2143933787,1,322.532958,2.462,1
27.8938909117702,17.1788016272061,7.07248681305793,29.4797126029771,21.5205632460276,0.996995200622367,28.9077882111463,16.4353807481496,6.91476487839246,30.6196314624573,22.4637996675681,0.968126956163186,211,2097,1,3483393,NA,NA,"57932298","Madison Lake",1042876,5060002002652,"DrainageLk","N","DrainageLk",106.1,1,113.5,4,42.2477610304,1,106.1,17.525,1
15.3494808989593,4.79536741463326,4.82668919513601,11.2123369465205,15.2738111705095,1.63851393266666,19.3893924480897,6.86372293551234,5.31705094970538,12.4334785051898,16.4953648975154,1.51375705781224,214,6522,1,13570445,NA,NA,"131193670","Lake of the Woods",421484,7130006001431,"Drainage","Y","Isolated",0,0,1.1,1,11.6258023674,0,0,0,1
4.39531902816011,2.23153095275908,4.52485798591204,10.9084518103211,28.0848596836321,3.08097369942857,4.61110258522275,1.93906324992589,4.22931935654025,11.2033777581811,16.9703183106575,3.76541180814214,230,88820,1,10107773,"NLA12_IN-104","NLA06608-2916","56129202",NA,NA,5140201000774,"Drainage","Y","Terminal",0,0,0,0,12.2031380232,0,0,NA,0
17.8805898580618,7.4475559644606,6.52436382708566,15.4975600267085,29.5492760860147,1.50010315227913,14.3330475551435,6.42095499742872,6.7767610052159,15.9021530376301,31.111181147946,1.75292612006407,231,353133,1,12555002,NA,NA,NA,NA,NA,NA,"DrainageLk","Y","Terminal",51.7,4,83.682643,24,281.954254955,2,41.3,30.772,1
8.691600228182,3.76504693529734,5.65473575526248,14.6696125424681,41.0822017173046,2.06021738758095,11.896844972596,5.11055073813296,6.15183635142034,15.6230134867219,40.8105237140557,1.80504161062275,232,315741,1,14278116,NA,NA,"143263044",NA,NA,9020202002348,"DrainageLk","N","DrainageLk",533.1,6,541.9,11,109.425469803,4,522.5,NA,0
17.7494121307019,5.76144207645343,5.6235273375361,10.4103801619191,23.3554198044957,1.01513259354988,19.4136645128261,7.94334056647009,5.51451258560015,17.269675012472,20.9567836083126,1.02891371222822,233,4900,1,13652598,"NLA12_WI-173",NA,"157076137","Lake Redstone",1572166,7070004000767,"Drainage","N","Drainage",0,0,5.2,3,244.846066841,0,0,6.55,1
19.5241762354428,6.45670740280106,5.13317276904022,13.601338668527,17.1492614948219,1.65829399149501,19.5952870337282,6.38155200972884,5.43783901268913,17.576747763987,20.0210279210046,1.59610282139624,234,3582,1,15677567,"NLA12_MI-112","NLA06608-0363","155637149","Palmer Lake",1624807,4050001011691,"DrainageLk","N","DrainageLk",1474.540477,21,1507.840477,37,294.593782218,11,1402.643591,NA,0
48.6687238360162,13.3928550596334,7.16354108152874,37.8953908576965,20.612761073772,0.815705174832554,36.1963646535154,11.7779680680963,6.34539504164296,28.62869118519,17.1911759440512,1.15260569197722,235,2898,1,167552428,"NLA12_IN-149","NLA06608-4354","155642241","Sylvan Lake",444518,4050001005389,"DrainageLk","N","DrainageLk",246.201345,17,304.702834,45,264.428387513,8,200.148333,7.924,2
3.31854066496526,1.5594030937185,3.67570495926711,9.05986138394462,12.4160724565526,4.51633643933545,6.14272304621306,2.43203346952366,4.41071965846237,9.3564405777007,15.3625858622782,3.50509860134346,236,5414,1,13308673,NA,NA,"155572120","Lake Meyer",459018,7060004001964,"Drainage","Y","Isolated",0,0,0,0,13.0707644162,0,0,2.335,1
2.97598299335542,1.71968061584967,3.01854897531232,5.30682835385727,11.3585889934978,4.75684303503174,6.688177559287,9.38872016597945,5.33389184181912,11.1142765830941,20.5904178752447,3.36351738758206,237,5006,1,13205684,"NLA12_WI-157",NA,"122935415","Sidie Hollow Lake",1834495,7060001002173,"Drainage","N","Drainage",0,0,0,0,14.2008638193,0,0,NA,0
9.54730520610677,6.44249449007007,4.56636484446731,13.6401409876493,14.5262058778162,1.33310697186543,9.58465177684338,8.7478794710268,5.17364774505722,20.8200505633939,17.6871225250399,1.28912672428954,238,464740,1,23422703,"NLA12_OR-112","NLA06608-0933","145652951","Beulah Reservoir",1117569,17050116004636,"DrainageLk","N","DrainageLk",12.2,1,12.2,1,746.110190697,1,12.2,7.071,1
5.74319919598263,3.06659412574733,4.00205610805489,22.0466541008252,12.7415398691273,2.71685064560211,8.25600691591133,4.01781009280835,4.44740896223887,19.5617685987272,13.7258042241779,2.5365565386036,239,464221,1,24215523,"NLA12_OR-105","NLA06608-0881","112958131","Phillips Lake",1132099,17050203006928,"Drainage","N","Drainage",0,0,8.4,4,908.756563736,0,0,NA,0
19.0926286707998,9.11971224406597,7.82473429323288,16.397122405052,36.3680728542538,1.11288499766649,17.4148482947938,6.59362842974623,6.31451565108528,15.461526582809,33.2594765319834,1.56554941433773,240,337055,1,14395602,"NLA12_SD-107","NLA06608-0979","124549085","Stockade Lake",1267048,10120109002341,"Drainage","N","Drainage",13.129034,2,17.020839,4,50.7289051305,0,0,0.259,1
4.62836159306782,7.24644354394773,2.80898274630997,24.9560250665277,10.7528186986267,1.41754563788718,4.14834362324037,6.89491705697901,2.86570053343175,28.8094207374092,11.9446116130444,1.54663553230951,247,447742,1,17843236,NA,"NLA06608-0260","130614699","Heron Reservoir",923891,13020102002516,"DrainageLk","Y","Drainage",82,2,95.781498,11,1819.87450114,1,78,NA,0
7.29983957202993,3.88484963723708,3.85590499682461,17.5313609738426,12.6404567971527,2.27812818524188,8.66059388895611,4.61495648006538,4.1900525027516,18.8796094589176,13.528633440901,2.22086160525179,249,469968,1,23934034,"NLA12_OR-113","NLA06608-2082","146299651","Emigrant Lake",1120500,17100308006269,"Drainage","N","Drainage",4.768484,1,4.768484,1,315.663318311,0,0,4.848,1
3.821222870647,1.91431620436105,4.21976101051761,7.05372564094661,27.2626798149436,4.10396571719444,3.07946144166148,1.76369104610581,3.14503985583107,8.30981480534889,15.2461891466029,5.0192437824736,250,457983,1,24315765,"NLA12_MT-124",NA,"81344746","East Fork Reservoir",782895,17010202001444,"Drainage","N","Drainage",0,0,4.2098,2,153.816059379,0,0,NA,0
2.26616939678144,1.11418758797077,2.27881109845434,11.3373011720622,7.02308899823104,5.88078277046849,3.07946144166148,1.76369104610581,3.14503985583107,8.30981480534889,15.2461891466029,5.0192437824736,250,457983,2,24315765,"NLA12_MT-124",NA,"81344746","East Fork Reservoir",782895,17010202001444,"Drainage","N","Drainage",0,0,4.2098,2,153.816059379,0,0,NA,0
7.22392918436403,2.88828954794722,3.69893713629857,10.3648650187043,8.94466432743789,2.95992376502635,11.1551972433444,4.27222716514835,4.24428068875028,12.1453920191763,14.2797115653558,2.51059186550851,253,464872,1,24189308,"NLA12_ID-101","NLA06608-3121","38103670","Lost Valley Reservoir",397875,17050124001212,"Drainage","N","Drainage",0,0,0,0,293.841715032,0,0,NA,0
11.2222611220641,3.71655860829027,4.08583660151801,12.6255677114711,18.982537885075,2.00415218334026,11.1098326964679,3.95402371265715,4.55839462478919,13.4849806544411,21.5911092159526,2.06059685333585,263,467585,1,24252344,"NLA12_WA-106","NLA06608-0721","132990961","Swofford Pond",1529467,17080005000916,"Drainage","N","Drainage",0,0,0,0,87.6417722743,0,0,NA,0
19.9218714066661,10.0131497177239,8.17634535846476,24.1220124436023,24.0124187863495,0.844414151918944,24.3514234949445,9.97178009267175,7.41206149793089,25.4175427596457,23.6568525742255,1.22806246573967,264,446976,1,17905661,NA,NA,"136353506","Troutvale Reservoir Number 1",199649,13010001000686,"DrainageLk","N","DrainageLk",125.8,6,125.8,6,24.8709337804,4,115.8,NA,0
7.72912203564635,2.85214543458779,4.27418512695115,12.225869283283,25.8384205410504,2.66562824018444,8.44753549938963,3.25279693003218,4.44450563000353,15.5037776231805,25.143072302234,2.54549622742234,265,466359,1,23634788,NA,NA,"44291195","Elk Creek Reservoir",381368,17060308001011,"Drainage","N","Drainage",0,0,0,0,32.3705873636,0,0,NA,0
5.99281434971163,2.67164068417634,4.9046656594961,21.0084855322294,18.3579002563212,3.14037233631111,11.1659087297679,4.53650164512794,5.71661603806744,19.1215675812092,21.9983655684033,2.14628324758123,275,454810,1,20451100,"NLA12_AZ-102","NLA06608-0569","132789172","Willow Creek Reservoir",36238,15060202001693,"Drainage","Y","Isolated",0,0,0,0,112.967104246,0,0,NA,0
13.8443177166151,4.699479832241,6.36906614259495,12.5074358783131,22.0496345186433,2.00137907687402,15.0983840657421,6.0921220864014,6.77777427651173,15.9725801120133,21.8773135961226,1.73466690483485,276,452903,1,3906261,"NLA12_UT-196",NA,"37983205","Lower Gooseberry Reservoir",1447806,14060007001314,"Drainage","N","Drainage",0,0,1.7,1,27.5622780065,0,0,8.806,1
3.32944231657932,1.22813846122391,3.78660965211605,10.4196300160965,16.0898099243013,4.63942167588043,3.02149435524354,1.19823345993176,3.15840552895024,6.6231481781886,11.3049506194014,4.96002978237715,281,459210,1,24331578,NA,NA,"45178810","Upper Twin Lake",796284,17010205002873,"Headwater","N","Headwater",0,0,0,0,10.1983562183,0,0,NA,NA
2.46876496036938,0.953444718622936,2.46941198897924,5.48981476582923,7.79861837601887,5.65010786582434,3.02149435524354,1.19823345993176,3.15840552895024,6.6231481781886,11.3049506194014,4.96002978237715,281,459210,2,24331578,NA,NA,"45178810","Upper Twin Lake",796284,17010205002873,"Headwater","N","Headwater",0,0,0,0,10.1983562183,0,0,NA,NA
3.96453274950698,3.42748574397987,3.58330725159641,10.0449433629406,10.9285642609064,2.64582900567441,5.87533042129537,3.85216186283174,3.73207055636532,12.2648820810651,12.6099658052121,2.63246464297696,287,464222,1,120052938,NA,NA,"146137938","Lake Owyhee",1125099,17050110002049,"DrainageLk","Y","Drainage",5938.844671,49,6044.688339,105,4487.61121794,34,5848.271131,124.189,36
11.6080834652994,5.91407769174945,5.50448931716993,27.6698810991799,16.631752950297,1.42754373400805,10.5462618357303,5.32709728659909,5.4490185300443,24.2460828940406,17.6815735999615,1.89651272291329,288,454700,1,20476542,"NLA12_AZ-101","NLA06608-0834","139049819","Saguaro Lake",33945,15060106000994,"DrainageLk","N","DrainageLk",8042.140504,41,8121.159302,86,226.68150314,23,7927.3742,NA,0
12.6657768923991,4.24734019604683,5.43454664267837,13.955334870724,21.2411052276623,2.08308628140426,13.4337331114872,5.04063474322413,5.32009848411459,15.7487872548954,22.0638622393793,1.95642992527176,291,480826,1,2803209,"NLA12_CA-188",NA,"120030660","Upper San Leandro Reservoir",236920,18050004002033,"Drainage","N","Drainage",0,0,0,0,306.816646942,0,0,NA,0
7.77129156550262,2.32649807040703,3.82095477058439,10.8633329889715,12.0572345138453,3.36538549374646,4.57113913620694,1.85157309499954,3.63282977621979,8.91680460518486,10.627132431703,4.27705082698556,296,480705,1,2806007,NA,NA,"120030662",NA,NA,18050004002122,"Isolated","N","Isolated",0,0,0,0,36.0828341752,0,0,NA,NA
5.90890183203605,3.32782777742663,2.94473527393766,11.575180100338,8.81734585077951,3.04185390193923,5.09589282760146,2.99302168282315,2.91197951268203,10.1305261568499,8.83343085766878,3.43056007872775,297,479040,1,120051899,"NLA12_CA-119",NA,"120026680","New Melones Lake",253643,18040010040833,NA,NA,NA,NA,NA,NA,NA,4470.73539653,NA,NA,22.845,9
7.39567470577011,3.39882202656303,5.33088144985571,17.4268412109703,17.8640750011174,3.01675685630015,9.36679296847536,4.22656983823286,5.1111294407532,17.4379483335836,16.4820285822682,2.38872600854773,298,464605,1,23326906,NA,NA,"131931713","Wild Horse Reservoir",862000,17050104002594,"DrainageLk","N","DrainageLk",57.28843,4,68.462413,10,532.342924423,2,47.88843,15.627,1
19.5233588115382,7.68092678001555,6.08898346156441,15.7185534986223,32.1966998379505,1.12781416897545,14.3355893234207,5.54860320277505,5.89699894087279,15.1871850740202,29.1269600429686,1.64521418680166,3,405739,1,1010832,"NLA12_TX-113","NLA06608-1560","109516127","Lake O' the Pines",1375468,11140305010153,"DrainageLk","N","DrainageLk",7964.15888,83,8470.55888,347,7345.95851648,32,7651.55888,3.01,11
10.3307798702841,6.00257170677051,4.66155361077675,14.8669814841905,20.9248655399532,1.42166228740745,6.93470503894686,4.88290580304504,4.37669600240228,18.3465679398212,16.2006503856578,1.82472703865477,302,463792,1,23192245,"NLA12_ID-214",NA,"67652801",NA,NA,17040211001846,"Drainage","N","Drainage",12.556407,2,12.556407,2,344.871532362,0,0,NA,NA
7.05162283027803,3.02867070970291,3.97436377304261,6.43449706333197,16.1211573501432,3.63288674872877,4.26724295337328,2.23579308414117,3.25353214684215,8.03503173245219,10.3695137372454,4.2023038435122,308,461289,1,23078085,"NLA12_WA-111","NLA06608-2833","145097066","Wapato Lake",1527791,17020009000945,"DrainageLk","Y","Terminal",31.172851,1,31.172851,1,78.9543934445,1,31.172851,NA,0
7.46909194795726,8.04843920180355,5.24825830332582,31.10388776628,11.1027286844266,1.21284584101687,7.61022183835447,7.52846419894567,4.6770981004603,26.0659987360372,13.9882011653017,1.3198395378453,316,454273,1,21411459,NA,NA,"152740406",NA,NA,15030107000670,"Drainage","N","Drainage",0,0,0,0,136.036192503,0,0,NA,0
19.9921225562912,8.88728017245815,5.49375730684659,18.7379889284585,18.140421739684,1.22957864242533,18.9995708211979,8.21575567921055,5.61738986233682,21.8603279538204,17.628175208156,1.11046104484327,317,475176,1,15033533,"NLA12_CA-105","NLA06608-1269","113916645","Lake Greenhaven",224584,18020163000389,"Isolated","N","Isolated",0,0,0,0,22.0992659111,0,0,NA,NA
28.2418459843434,13.3183585962183,6.82487836417801,21.8684217686293,26.5839259318791,1.01022857962475,21.0639330182327,11.9362189439356,6.69910344828986,25.2880028726075,26.9612313801585,1.04278789463316,323,463336,1,23265324,NA,NA,"52579627","Mormon Reservoir",397930,17040220000648,"Drainage","Y","Headwater",0,0,0,0,582.874816357,0,0,NA,0
7.08818998656006,2.44917168294949,5.13591338251445,10.0828767177177,26.6727100236167,3.04063473214793,8.67551983472626,3.08564025210708,5.27729508024056,12.4729394319682,26.3392828806494,2.69002815208549,326,457519,1,11337343,NA,NA,"135801303","Comins Lake",859315,16060008004010,"DrainageLk","Y","Isolated",10.9,1,10.9,1,122.232781575,1,10.9,5.662,1
5.75072817869874,3.16211079924818,4.7105426532224,43.3937521544834,23.8133600295339,2.59152518796004,7.62968581055262,3.56960486284263,5.08704236635602,28.4896502881402,24.6806119328512,2.3376006598932,327,453698,1,20637202,"NLA12_NV-103","NLA06608-0237","148548377","Dacey Reservoir",857953,15010011002581,"Drainage","Y","Terminal",4,1,4,1,75.0703405929,0,0,NA,0
4.89024223123655,1.82276159569604,4.43098856772098,15.7699281590069,15.2091559216566,3.57898681138364,7.18181981522451,3.39234546810292,4.65372320793726,21.2299277289203,17.6142811953596,2.85400367847779,328,450981,1,3192814,"NLA12_WY-131",NA,"35200048","Kemmerer Reservoir",1590318,14040107002273,"DrainageLk","Y","Drainage",572.163181,2,580.163181,6,71.417695926,1,562.363181,NA,0
13.0032125850316,6.79736175893009,4.25703638605429,15.1423059486783,12.7375274826633,1.83934727775007,9.36144205741987,4.74526379020211,3.82203931042668,14.9232248871231,10.6989344916486,2.23028126821045,331,463086,1,24566893,"NLA12_ID-166",NA,"56465325",NA,NA,17040206002093,"Drainage","N","Drainage",0,0,2.4,1,23.2345458889,0,0,NA,0
15.8906177444441,4.33652391218132,7.98632995008506,17.4493446098097,41.1083690037266,1.18762068533333,10.933159365242,4.0553398321339,5.88417294546214,15.634389147109,34.6579961815297,1.94257767542415,4,405745,1,19918180,"NLA12_LA-105","NLA06608-2823","120030975","Cotile Lake",554093,11140207001197,"Drainage","N","Drainage",0,0,6.279727,3,649.241448328,0,0,NA,0
7.46999229821734,4.06299655697974,6.28096152322309,9.03532099661553,51.1099423255883,2.02249949486559,5.59746822441167,2.58048431689303,5.47266241241006,11.0877121963517,38.6886715344168,2.48571585131984,44,157615,1,9164888,NA,NA,"146909496","Eureka Lake",1222305,3040201023340,"DrainageLk","N","DrainageLk",54.082094,6,73.582094,14,81.2929716598,2,30.649411,8.003,2
4.13101777835103,2.0225096882012,3.65849134663223,11.2054896860831,14.8770003760208,4.04628429303817,4.78813503216363,1.81221282458376,4.13788702056043,11.4668902610376,17.5482094510668,3.80186518614866,45,233591,1,478125,NA,NA,"35357241","Four Prong Lake",282740,3140102000659,"Isolated","N","Isolated",0,0,0,0,9.8527142762,0,0,NA,NA
4.5886922887805,1.27862802206313,5.53967372964341,3.21314933968347,19.7203078045174,2.8224549334014,4.57566682952172,1.33009050661658,6.10729781317666,6.96350092980713,23.7471387247408,2.8921389197567,46,123565,1,9435755,"NLA12_NJ-131",NA,"102005688","Maple Lake",883938,2040302000808,"Drainage","N","Drainage",0,0,0,0,12.5399809019,0,0,NA,0
4.03735658097663,1.82459149883284,5.92941728875177,6.99839810377633,52.0759402938362,2.27294046760762,6.15718602222694,2.19799475403545,5.76067927358058,15.1393450212149,44.5305212601463,2.17682648650971,47,30086,1,4489294,"NLA12_NJ-104","NLA06608-0013","167668339","Mirror Lake",878414,2040202016905,"DrainageLk","N","DrainageLk",127.9,12,162.5,27,49.6164687674,4,87.2,NA,NA
NA,NA,NA,NA,NA,NA,4.19135805995932,1.35510587713173,5.66504875893548,8.39474383246063,28.0107855568247,2.98828224596017,49,1420,1,4489532,NA,NA,NA,NA,NA,NA,"Drainage","N","Drainage",6.6,1,12.2,5,11.0612609547,0,0,NA,0
4.51504642902107,2.11955143523094,6.61757602641476,3.7698415265818,46.7105885428079,2.29842143526984,3.84871372216225,1.41411221191553,4.90584878090318,6.32813463781476,34.7498573440164,3.25613164665289,51,127944,1,9343025,"NLA12_MA-105",NA,"136018070","Tully Lake",617920,1080202000560,"DrainageLk","N","DrainageLk",220.3,10,235,17,86.4757101977,5,196.2,NA,0
NA,NA,NA,NA,NA,NA,2.53077654017518,1.17401597139035,3.03605465834316,6.40698981738791,12.6823687738546,5.61671359923152,52,7429,1,120052268,NA,NA,"122975624","Lake Zoar",212322,1100005003316,"DrainageLk","N","DrainageLk",8699.770789,211,9173.834553,458,302.56612876,114,8117.763278,1.879,31
NA,NA,NA,NA,NA,NA,2.84305884742202,1.434212060712,4.85695123901393,5.26392456467888,30.0638358685676,3.83977060919664,53,76789,1,7711476,"NLA12_CT-103","NLA06608-0006","122956184","Morris Reservoir",209057,1100005003028,"DrainageLk","N","DrainageLk",57.627623,3,59.027623,4,56.9731938461,1,43.627623,NA,0
31.3055219192491,11.434486905304,5.90575547624821,23.2770299563552,24.8054199120619,1.13935763307936,30.969331113344,9.81176222261077,6.26680158559568,22.6535434317263,22.6320857346193,1.58796388133214,54,2414,1,15595957,"NLA12_OH-136",NA,"151063757","Spencer Lake",1070946,4110001001461,"Drainage","Y","Isolated",0,0,13.3,10,36.0909837469,0,0,NA,0
NA,NA,NA,NA,NA,NA,17.7426217813473,6.69367149309349,6.35452860084067,20.445239606201,29.8172558495277,1.41110941244104,55,2039,1,19386918,NA,NA,"152013999","Zepernick Lake",1078733,5040001002736,"Drainage","N","Drainage",0,0,0,0,16.0497557458,0,0,NA,0
3.38832579077196,1.54863052011954,3.45831957140483,9.57567201056014,17.8430389832568,3.27594367103492,4.03318718853144,1.73894452863661,3.95756500659051,17.3791758234899,22.6829979700171,3.49166429978383,57,7460,1,6117396,NA,NA,NA,NA,NA,NA,"DrainageLk","Y","Drainage",559.859181,19,611.48071,46,58.1437019032,8,483.6,6.364,6
4.29247891277593,1.73793143183413,4.92956526745219,8.17360028416127,23.563664770932,3.1007077795238,3.88562952622902,1.56541738509325,4.52363682760745,6.8449542377724,25.6728294592164,3.77102691243278,64,6582,1,6161203,"NLA12_CT-126",NA,"116108086","Halls Pond",1771346,1100002000780,"Drainage","N","Drainage",0,0,0,0,32.8397426538,0,0,NA,0
3.45162223910277,1.67549300274747,4.35391772735905,15.5837419441954,13.8593964676087,4.15346417433493,3.70833610480293,1.4728371193424,4.03151286923558,13.9069567043635,17.0311935999687,4.220031188239,65,5519,1,6777539,NA,NA,"{39E48282-A2BB-44C8-9352-9CF71C01ACEB}","Weatherhead Hollow Pond",1766508,1080201001669,"Drainage","N","Drainage",0,0,0,0,12.4753456457,0,0,NA,0
3.87078018396077,1.69310235114153,4.62146538587049,12.8573369430342,38.5301088812973,2.21287808923809,7.14244422864773,2.7348744308825,4.77154260998461,13.4843544759169,30.1627387155714,2.58799274241064,66,73599,1,6126713,"NLA12_MA-102","NLA06608-0454","127683751","Norton Reservoir",612499,1090004002401,"DrainageLk","N","DrainageLk",50.7,5,72.2,15,192.030145929,1,24.8,2.538,1
11.3463776652955,5.06157839136271,4.40128638613068,9.44959822623908,16.1181678754789,2.22916387409546,8.56654167609426,4.05326028754378,4.20866838042926,13.8731945342281,12.7560100984349,2.53397025285789,67,323994,1,12461540,"NLA12_MT-161","NLA06608-2790","145720943","Fort Peck Trout Pond",771517,10060001001284,"Terminal","N","Terminal",0,0,0,0,23.6163157926,0,0,NA,NA
27.7023131992285,10.7363211589245,7.04158407879273,20.7399940588647,21.052286024981,1.10416849210542,21.5144503163541,8.12083685568271,7.19356670710281,19.7291163952821,24.6037507163973,1.23383251886175,68,341692,1,16237597,"NLA12_ND-131",NA,"70799645","Lake Tschida",1032544,10130202001730,"DrainageLk","Y","Drainage",376.042475,8,518.487339,92,1349.50709402,3,349.842475,69.13,14
8.71067939743233,5.69069046915741,5.26815962298248,20.717904510973,19.2923930658044,1.59049462279469,7.87149223493356,4.14670550404262,4.47059515538684,14.3559646758144,15.422544054804,2.32167591174746,69,343492,1,19251179,"NLA12_SD-101","NLA06608-0243","139478686","Lake Oahe",1266878,10130105003832,"DrainageLk","N","DrainageLk",68578.369852,616,74913.290371,4236,72847.3064377,185,66062.229085,0,653
9.513939008331,5.47692944364597,4.5009416804095,25.550886632204,14.1157438522414,1.85668742278721,11.5034840869912,7.4049551104867,4.7748316535044,24.0578893778368,14.5963906053508,1.49926825211955,70,345199,1,120053557,"NLA12_SD-183",NA,"148215209","Lake Francis Case",1255140,10140101012125,"DrainageLk","N","DrainageLk",30472.725655,397,34994.402646,3036,33251.7743631,94,28731.556863,0.062,276
5.87505884561315,4.29636176294977,5.4939235614067,15.5039900510483,13.1387069081094,2.27858204841019,4.61517179647158,3.76126174330508,3.60836203072229,16.8208589851645,10.080546738507,2.85990054996087,71,319208,1,12394688,"NLA12_MT-104","NLA06608-0378","123043113","Willow Creek Reservoir",801708,10030104003121,"DrainageLk","N","DrainageLk",914.1,17,972.9,51,535.534559954,9,869.8,15.232,2
10.6979966632143,5.83253458114218,4.6013445799295,12.2769095323626,15.3980734976283,1.6101920603957,9.47733801037098,4.60693205860449,4.25503340672119,13.058977713759,13.736672417168,2.12801575371375,72,323197,1,167204935,"NLA12_MT-109","NLA06608-0240","137854390","Nelson Reservoir",774584,10050014038822,"DrainageLk","N","DrainageLk",60.074506,4,77.574506,13,1664.27227981,2,45.074506,NA,0
10.4134582079171,4.99052960402353,6.26637277116976,13.1651917311349,32.8583910006742,1.79811171317231,11.0444717286519,5.66389807613328,5.87102471403376,13.8573552807617,33.9232884992105,1.87733255632585,75,346238,1,16131367,"NLA12_SD-143",NA,"128633827",NA,NA,10140102005270,"Drainage","Y","Isolated",0,0,1.3,1,20.2348575526,0,0,NA,0
1.4906362056451,3.1810203740291,2.60630240297499,14.9118471787675,4.80188534203193,3.47440804198753,2.9014517699832,3.76634898779074,2.57273638064191,11.80516486152,6.10015089200705,2.95947739684634,76,318415,1,12744019,"NLA12_MT-113","NLA06608-1008","129592847","Eureka Reservoir",771249,10030205001134,"TerminalLk","Y","Isolated",99,2,103.5,5,169.972357274,1,93.3,NA,0
10.759070663649,4.03016212763104,5.7772800742802,20.9149584677019,33.3989005404024,4.81444964059683,16.9157103567447,6.41365002337356,5.77824364357063,16.8791245495146,24.2073994726309,1.96217758992025,77,325238,1,4061192,"NLA12_MT-160",NA,"59152881","Cottonwood Reservoir",770196,10070003000835,"Drainage","N","Drainage",0,0,0,0,86.7480518324,0,0,3.03,1
15.3786742198941,5.57703089819316,6.40325957646549,12.1520114709712,26.8329630342167,1.90602628179651,13.4615971792785,4.87477600836713,6.67933550644704,11.9956951406502,29.3538867925045,1.93559334473134,78,343711,1,11251122,"NLA12_SD-168",NA,"151677676","Owen Lake",1266445,10130306003373,"DrainageLk","N","DrainageLk",90.7,9,138.1,36,55.2242748198,3,53.2,NA,0
9.49814901416715,4.3355000921041,6.63529798838321,9.08536438699285,49.5934136343119,1.65055967409056,8.63211287413374,4.57542407550126,6.30934023302153,10.3567720114766,42.9476348757959,1.84456540624192,79,349348,1,11666754,"NLA12_SD-147",NA,"122539585","Roosevelt Lake",1257454,10150001000296,"Drainage","Y","Isolated",0,0,0,0,35.0047558499,0,0,NA,0
32.5340608569888,14.960194325408,7.01065558914375,32.7317536398061,17.5363026575687,1.21351170371429,16.9448168132803,9.40782620715481,5.71715585500187,25.9665324096803,18.2920893140101,1.6871140796344,82,143451,1,4528811,"NLA12_VA-110",NA,"54017062","Lake Montclair",1502074,2070011001833,"Drainage","N","Drainage",0,0,3.5,2,41.9207950074,0,0,NA,0
16.0710337001328,9.0544602737616,3.86771922938825,20.6206887361794,12.9303720418286,1.66621611545419,12.1436725677639,6.55658155344074,3.98594610982924,18.3412137667168,13.439588372758,2.02319723672767,83,3651,1,166899251,"NLA12_IN-115","NLA06608-0212","53450501","Monroe Lake",451234,5120208006804,"DrainageLk","N","DrainageLk",363.351522,24,536.446736,123,4497.05016166,8,261.9119,4.655,8
11.7074440529228,4.9020035633132,3.45978075193566,14.3867688054442,11.2506067241633,2.29273891077389,17.1255899638854,7.09508138719347,5.14692517087358,16.9933911909023,15.6812037613256,1.8836457677255,84,270107,1,18407394,"NLA12_TN-119",NA,"47457288","Marrowbone Lake",1302493,5130202000678,"Drainage","N","Drainage",0,0,0,0,23.6474659,0,0,NA,0
21.0885410528425,9.05538371564537,4.44316230159714,17.4221259528762,14.5135648572204,1.56721006833651,14.4209404146511,7.543068461459,4.04859757261524,17.2342809484437,14.7785260366455,1.89538000077017,98,164519,1,12036081,NA,NA,"142754084","Hickory Nut Upper Lake",998966,3050105002095,"Drainage","N","Drainage",0,0,2.8,1,9.9005916062,0,0,NA,0
11.4695932391107,5.96045117457954,5.83422420696512,18.8192077862348,18.3341582935855,1.71641096036672,8.61519865346904,4.63917498172031,4.43035595459256,16.7486899066887,14.7850975484859,2.76032109873828,99,292666,1,167794922,"NLA12_AR-103","NLA06608-1204","58159519","Lake Hamilton",74878,8040101005028,"DrainageLk","N","DrainageLk",15768.703164,15,15817.316274,46,2700.49114327,8,15724.097927,8.467,2
1.86501744724399,2.47297848004317,1.44021232785162,10.0498437761211,7.32844551209261,5.3235841908866,2.04317220132103,2.03403812371315,1.85264748584592,8.42362921968316,7.77140151894501,5.2584297508024,999,471746,1,24260671,"NLA12_WA-151",NA,"130065057","Baker Lake",1516055,17110005001296,"DrainageLk","N","DrainageLk",72.4,7,86.927906,15,1914.02358156,3,47.5,NA,0
